{
	"credit": "Made with Blockbench",
	"texture_size": [64, 64],
	"textures": {
		"0": "item/harvest_flower_storage",
		"particle": "item/harvest_flower_storage"
	},
	"elements": [
		{
			"from": [0, 0, 0],
			"to": [16, 1, 16],
			"faces": {
				"north": {"uv": [11.5, 0, 15.5, 0.25], "texture": "#0"},
				"east": {"uv": [11.5, 0.25, 15.5, 0.5], "texture": "#0"},
				"south": {"uv": [11.5, 0.5, 15.5, 0.75], "texture": "#0"},
				"west": {"uv": [11.5, 0.75, 15.5, 1], "texture": "#0"},
				"up": {"uv": [4, 4, 0, 0], "texture": "#0"},
				"down": {"uv": [4, 4, 0, 8], "texture": "#0"}
			}
		},
		{
			"from": [1, 11, 1],
			"to": [15, 12, 15],
			"faces": {
				"north": {"uv": [11.5, 3, 15, 3.25], "texture": "#0"},
				"east": {"uv": [11.5, 3.25, 15, 3.5], "texture": "#0"},
				"south": {"uv": [11.5, 3.5, 15, 3.75], "texture": "#0"},
				"west": {"uv": [11.5, 3.75, 15, 4], "texture": "#0"},
				"up": {"uv": [7.5, 3.5, 4, 0], "texture": "#0"},
				"down": {"uv": [7.5, 3.5, 4, 7], "texture": "#0"}
			}
		},
		{
			"from": [10, 11.25, 9],
			"to": [14, 12.25, 13],
			"faces": {
				"north": {"uv": [10.25, 12, 11.25, 12.25], "texture": "#0"},
				"east": {"uv": [12, 10.25, 13, 10.5], "texture": "#0"},
				"south": {"uv": [12, 10.5, 13, 10.75], "texture": "#0"},
				"west": {"uv": [12, 10.75, 13, 11], "texture": "#0"},
				"up": {"uv": [12.5, 2, 11.5, 1], "texture": "#0"},
				"down": {"uv": [12.5, 2, 11.5, 3], "texture": "#0"}
			}
		},
		{
			"from": [11, 12.25, 10],
			"to": [13, 12.5, 12],
			"faces": {
				"north": {"uv": [7.5, 6.75, 8, 7], "texture": "#0"},
				"east": {"uv": [12.5, 1.75, 13, 2], "texture": "#0"},
				"south": {"uv": [12.5, 2, 13, 2.25], "texture": "#0"},
				"west": {"uv": [12.5, 2.25, 13, 2.5], "texture": "#0"},
				"up": {"uv": [12.5, 11.5, 12, 11], "texture": "#0"},
				"down": {"uv": [12.5, 11.5, 12, 12], "texture": "#0"}
			}
		},
		{
			"from": [3, 11.25, 3],
			"to": [5, 12.25, 5],
			"faces": {
				"north": {"uv": [12.5, 2.5, 13, 2.75], "texture": "#0"},
				"east": {"uv": [12.5, 2.75, 13, 3], "texture": "#0"},
				"south": {"uv": [12.5, 6.5, 13, 6.75], "texture": "#0"},
				"west": {"uv": [12.5, 6.75, 13, 7], "texture": "#0"},
				"up": {"uv": [12.5, 12.5, 12, 12], "texture": "#0"},
				"down": {"uv": [12.75, 5, 12.25, 5.5], "texture": "#0"}
			}
		},
		{
			"from": [6, 12.25, 6],
			"to": [7, 13.25, 7],
			"faces": {
				"north": {"uv": [12.75, 7.5, 13, 7.75], "texture": "#0"},
				"east": {"uv": [12.75, 7.75, 13, 8], "texture": "#0"},
				"south": {"uv": [12.75, 8, 13, 8.25], "texture": "#0"},
				"west": {"uv": [8.25, 12.75, 8.5, 13], "texture": "#0"},
				"up": {"uv": [13, 8.5, 12.75, 8.25], "texture": "#0"},
				"down": {"uv": [8.75, 12.75, 8.5, 13], "texture": "#0"}
			}
		},
		{
			"from": [6, 13.25, 7],
			"to": [7, 14.25, 9],
			"rotation": {"angle": 0, "axis": "y", "origin": [7, 14, 7]},
			"faces": {
				"north": {"uv": [8.75, 12.75, 9, 13], "texture": "#0"},
				"east": {"uv": [12.5, 7, 13, 7.25], "texture": "#0"},
				"south": {"uv": [9, 12.75, 9.25, 13], "texture": "#0"},
				"west": {"uv": [12.5, 7.25, 13, 7.5], "texture": "#0"},
				"up": {"uv": [12.75, 8, 12.5, 7.5], "texture": "#0"},
				"down": {"uv": [12.75, 8, 12.5, 8.5], "texture": "#0"}
			}
		},
		{
			"from": [5, 12.25, 7],
			"to": [7, 13.25, 8],
			"faces": {
				"north": {"uv": [12.5, 8.5, 13, 8.75], "texture": "#0"},
				"east": {"uv": [9.25, 12.75, 9.5, 13], "texture": "#0"},
				"south": {"uv": [12.5, 8.75, 13, 9], "texture": "#0"},
				"west": {"uv": [9.5, 12.75, 9.75, 13], "texture": "#0"},
				"up": {"uv": [13, 9.25, 12.5, 9], "texture": "#0"},
				"down": {"uv": [13, 9.25, 12.5, 9.5], "texture": "#0"}
			}
		},
		{
			"from": [5, 11.25, 6],
			"to": [7, 12.25, 8],
			"faces": {
				"north": {"uv": [12.5, 9.5, 13, 9.75], "texture": "#0"},
				"east": {"uv": [12.5, 9.75, 13, 10], "texture": "#0"},
				"south": {"uv": [12.5, 10, 13, 10.25], "texture": "#0"},
				"west": {"uv": [12.5, 11, 13, 11.25], "texture": "#0"},
				"up": {"uv": [12.75, 6, 12.25, 5.5], "texture": "#0"},
				"down": {"uv": [12.75, 6, 12.25, 6.5], "texture": "#0"}
			}
		},
		{
			"from": [3, 12.25, 3],
			"to": [5, 13.25, 4],
			"faces": {
				"north": {"uv": [12.5, 11.25, 13, 11.5], "texture": "#0"},
				"east": {"uv": [9.75, 12.75, 10, 13], "texture": "#0"},
				"south": {"uv": [12.5, 11.5, 13, 11.75], "texture": "#0"},
				"west": {"uv": [10, 12.75, 10.25, 13], "texture": "#0"},
				"up": {"uv": [13, 12, 12.5, 11.75], "texture": "#0"},
				"down": {"uv": [12.5, 12.5, 12, 12.75], "texture": "#0"}
			}
		},
		{
			"from": [2, 13.25, 3],
			"to": [4, 14.25, 4],
			"faces": {
				"north": {"uv": [12.5, 12, 13, 12.25], "texture": "#0"},
				"east": {"uv": [11.25, 12.75, 11.5, 13], "texture": "#0"},
				"south": {"uv": [12.5, 12.25, 13, 12.5], "texture": "#0"},
				"west": {"uv": [12, 12.75, 12.25, 13], "texture": "#0"},
				"up": {"uv": [13, 12.75, 12.5, 12.5], "texture": "#0"},
				"down": {"uv": [13.25, 1, 12.75, 1.25], "texture": "#0"}
			}
		},
		{
			"from": [3, 12.25, 4],
			"to": [4, 13.25, 5],
			"faces": {
				"north": {"uv": [12.25, 12.75, 12.5, 13], "texture": "#0"},
				"east": {"uv": [12.5, 12.75, 12.75, 13], "texture": "#0"},
				"south": {"uv": [12.75, 12.75, 13, 13], "texture": "#0"},
				"west": {"uv": [13, 1.75, 13.25, 2], "texture": "#0"},
				"up": {"uv": [13.25, 2.25, 13, 2], "texture": "#0"},
				"down": {"uv": [13.25, 2.25, 13, 2.5], "texture": "#0"}
			}
		},
		{
			"from": [3, 12.25, 2],
			"to": [4, 13.25, 3],
			"faces": {
				"north": {"uv": [13, 2.5, 13.25, 2.75], "texture": "#0"},
				"east": {"uv": [13, 2.75, 13.25, 3], "texture": "#0"},
				"south": {"uv": [4, 13, 4.25, 13.25], "texture": "#0"},
				"west": {"uv": [4.25, 13, 4.5, 13.25], "texture": "#0"},
				"up": {"uv": [4.75, 13.25, 4.5, 13], "texture": "#0"},
				"down": {"uv": [5, 13, 4.75, 13.25], "texture": "#0"}
			}
		},
		{
			"from": [7, 12.25, 7],
			"to": [8, 13.25, 8],
			"faces": {
				"north": {"uv": [5, 13, 5.25, 13.25], "texture": "#0"},
				"east": {"uv": [5.25, 13, 5.5, 13.25], "texture": "#0"},
				"south": {"uv": [5.5, 13, 5.75, 13.25], "texture": "#0"},
				"west": {"uv": [5.75, 13, 6, 13.25], "texture": "#0"},
				"up": {"uv": [6.25, 13.25, 6, 13], "texture": "#0"},
				"down": {"uv": [6.5, 13, 6.25, 13.25], "texture": "#0"}
			}
		},
		{
			"from": [15, 1, 0],
			"to": [16, 13, 16],
			"faces": {
				"north": {"uv": [11.5, 5, 11.75, 8], "texture": "#0"},
				"east": {"uv": [4, 7, 8, 10], "texture": "#0"},
				"south": {"uv": [11.5, 8, 11.75, 11], "texture": "#0"},
				"west": {"uv": [7.5, 0, 11.5, 3], "texture": "#0"},
				"up": {"uv": [7.75, 14, 7.5, 10], "texture": "#0"},
				"down": {"uv": [8, 10, 7.75, 14], "texture": "#0"}
			}
		},
		{
			"from": [0, 1, 0],
			"to": [1, 13, 16],
			"faces": {
				"north": {"uv": [11.5, 11, 11.75, 14], "texture": "#0"},
				"east": {"uv": [7.5, 3, 11.5, 6], "texture": "#0"},
				"south": {"uv": [11.75, 5, 12, 8], "texture": "#0"},
				"west": {"uv": [0, 8, 4, 11], "texture": "#0"},
				"up": {"uv": [3.75, 15, 3.5, 11], "texture": "#0"},
				"down": {"uv": [4, 11, 3.75, 15], "texture": "#0"}
			}
		},
		{
			"from": [1, 1, 0],
			"to": [15, 13, 1],
			"faces": {
				"north": {"uv": [8, 6, 11.5, 9], "texture": "#0"},
				"east": {"uv": [11.75, 8, 12, 11], "texture": "#0"},
				"south": {"uv": [8, 9, 11.5, 12], "texture": "#0"},
				"west": {"uv": [11.75, 11, 12, 14], "texture": "#0"},
				"up": {"uv": [15, 4.25, 11.5, 4], "texture": "#0"},
				"down": {"uv": [15, 4.25, 11.5, 4.5], "texture": "#0"}
			}
		},
		{
			"from": [10, 13, 0],
			"to": [12, 16, 1],
			"faces": {
				"north": {"uv": [7.5, 6, 8, 6.75], "texture": "#0"},
				"east": {"uv": [11.25, 12, 11.5, 12.75], "texture": "#0"},
				"south": {"uv": [12, 8, 12.5, 8.75], "texture": "#0"},
				"west": {"uv": [12.25, 6.5, 12.5, 7.25], "texture": "#0"},
				"up": {"uv": [13.25, 1.5, 12.75, 1.25], "texture": "#0"},
				"down": {"uv": [13.25, 1.5, 12.75, 1.75], "texture": "#0"}
			}
		},
		{
			"from": [4, 13, 0],
			"to": [6, 16, 1],
			"faces": {
				"north": {"uv": [8.25, 12, 8.75, 12.75], "texture": "#0"},
				"east": {"uv": [12.25, 7.25, 12.5, 8], "texture": "#0"},
				"south": {"uv": [8.75, 12, 9.25, 12.75], "texture": "#0"},
				"west": {"uv": [10.25, 12.25, 10.5, 13], "texture": "#0"},
				"up": {"uv": [13.25, 5.25, 12.75, 5], "texture": "#0"},
				"down": {"uv": [13.25, 5.25, 12.75, 5.5], "texture": "#0"}
			}
		},
		{
			"from": [10, 13, 15],
			"to": [12, 16, 16],
			"faces": {
				"north": {"uv": [12, 8.75, 12.5, 9.5], "texture": "#0"},
				"east": {"uv": [10.5, 12.25, 10.75, 13], "texture": "#0"},
				"south": {"uv": [9.25, 12, 9.75, 12.75], "texture": "#0"},
				"west": {"uv": [10.75, 12.25, 11, 13], "texture": "#0"},
				"up": {"uv": [13.25, 5.75, 12.75, 5.5], "texture": "#0"},
				"down": {"uv": [13.25, 5.75, 12.75, 6], "texture": "#0"}
			}
		},
		{
			"from": [4, 13, 15],
			"to": [6, 16, 16],
			"faces": {
				"north": {"uv": [12, 9.5, 12.5, 10.25], "texture": "#0"},
				"east": {"uv": [11, 12.25, 11.25, 13], "texture": "#0"},
				"south": {"uv": [9.75, 12, 10.25, 12.75], "texture": "#0"},
				"west": {"uv": [12.5, 1, 12.75, 1.75], "texture": "#0"},
				"up": {"uv": [13.25, 6.25, 12.75, 6], "texture": "#0"},
				"down": {"uv": [13.25, 6.25, 12.75, 6.5], "texture": "#0"}
			}
		},
		{
			"from": [1, 1, 15],
			"to": [15, 13, 16],
			"faces": {
				"north": {"uv": [4, 10, 7.5, 13], "texture": "#0"},
				"east": {"uv": [12, 5, 12.25, 8], "texture": "#0"},
				"south": {"uv": [0, 11, 3.5, 14], "texture": "#0"},
				"west": {"uv": [8, 12, 8.25, 15], "texture": "#0"},
				"up": {"uv": [15, 4.75, 11.5, 4.5], "texture": "#0"},
				"down": {"uv": [15, 4.75, 11.5, 5], "texture": "#0"}
			}
		}
	],
	"display": {
		"thirdperson_righthand": {
			"rotation": [75, 45, 0],
			"translation": [0, 2.5, 0],
			"scale": [0.375, 0.375, 0.375]
		},
		"thirdperson_lefthand": {
			"rotation": [75, 45, 0],
			"translation": [0, 2.5, 0],
			"scale": [0.375, 0.375, 0.375]
		},
		"firstperson_righthand": {
			"rotation": [0, 45, 0],
			"scale": [0.4, 0.4, 0.4]
		},
		"firstperson_lefthand": {
			"rotation": [0, 225, 0],
			"scale": [0.4, 0.4, 0.4]
		},
		"ground": {
			"translation": [0, 3, 0],
			"scale": [0.25, 0.25, 0.25]
		},
		"gui": {
			"rotation": [30, 225, 0],
			"scale": [0.625, 0.625, 0.625]
		},
		"head": {
			"translation": [0, -15.1, 0],
			"scale": [2.25, 2.25, 2.25]
		},
		"fixed": {
			"scale": [0.5, 0.5, 0.5]
		}
	}
}