{
	"credit": "Made with Blockbench",
	"texture_size": [64, 64],
	"textures": {
		"0": "item/harvesting_flower",
		"particle": "item/harvesting_flower"
	},
	"elements": [
		{
			"from": [9, 3, 15],
			"to": [11, 4, 17],
			"faces": {
				"north": {"uv": [7, 5.75, 7.5, 6], "texture": "#0"},
				"east": {"uv": [10.75, 5, 11.25, 5.25], "texture": "#0"},
				"south": {"uv": [11, 1.5, 11.5, 1.75], "texture": "#0"},
				"west": {"uv": [11, 5.75, 11.5, 6], "texture": "#0"},
				"up": {"uv": [5.25, 6, 4.75, 5.5], "texture": "#0"},
				"down": {"uv": [10.25, 6.75, 9.75, 7.25], "texture": "#0"}
			}
		},
		{
			"from": [11, 2, 15],
			"to": [15, 3, 16],
			"faces": {
				"north": {"uv": [9.75, 5, 10.75, 5.25], "texture": "#0"},
				"east": {"uv": [1, 7.25, 1.25, 7.5], "texture": "#0"},
				"south": {"uv": [10.25, 0, 11.25, 0.25], "texture": "#0"},
				"west": {"uv": [2.75, 10.5, 3, 10.75], "texture": "#0"},
				"up": {"uv": [11.25, 0.5, 10.25, 0.25], "texture": "#0"},
				"down": {"uv": [11.25, 0.5, 10.25, 0.75], "texture": "#0"}
			}
		},
		{
			"from": [15, 0, 11],
			"to": [16, 4, 15],
			"faces": {
				"north": {"uv": [10.25, 0.75, 10.5, 1.75], "texture": "#0"},
				"east": {"uv": [7, 0, 8, 1], "texture": "#0"},
				"south": {"uv": [5.5, 10.25, 5.75, 11.25], "texture": "#0"},
				"west": {"uv": [7, 1, 8, 2], "texture": "#0"},
				"up": {"uv": [6, 11.25, 5.75, 10.25], "texture": "#0"},
				"down": {"uv": [6.25, 10.25, 6, 11.25], "texture": "#0"}
			}
		},
		{
			"from": [1, 2, 15],
			"to": [5, 3, 16],
			"faces": {
				"north": {"uv": [10.25, 1.75, 11.25, 2], "texture": "#0"},
				"east": {"uv": [1, 11.25, 1.25, 11.5], "texture": "#0"},
				"south": {"uv": [10.25, 5.25, 11.25, 5.5], "texture": "#0"},
				"west": {"uv": [11.25, 1, 11.5, 1.25], "texture": "#0"},
				"up": {"uv": [11.25, 5.75, 10.25, 5.5], "texture": "#0"},
				"down": {"uv": [11.25, 6.75, 10.25, 7], "texture": "#0"}
			}
		},
		{
			"from": [5, 3, 15],
			"to": [7, 4, 17],
			"faces": {
				"north": {"uv": [11, 6, 11.5, 6.25], "texture": "#0"},
				"east": {"uv": [11, 6.25, 11.5, 6.5], "texture": "#0"},
				"south": {"uv": [11, 7, 11.5, 7.25], "texture": "#0"},
				"west": {"uv": [11, 7.75, 11.5, 8], "texture": "#0"},
				"up": {"uv": [6.75, 10.75, 6.25, 10.25], "texture": "#0"},
				"down": {"uv": [8.5, 10.25, 8, 10.75], "texture": "#0"}
			}
		},
		{
			"from": [0, 0, 11],
			"to": [1, 4, 15],
			"faces": {
				"north": {"uv": [6.75, 10.25, 7, 11.25], "texture": "#0"},
				"east": {"uv": [7, 2, 8, 3], "texture": "#0"},
				"south": {"uv": [8.5, 10.25, 8.75, 11.25], "texture": "#0"},
				"west": {"uv": [7, 3, 8, 4], "texture": "#0"},
				"up": {"uv": [9, 11.25, 8.75, 10.25], "texture": "#0"},
				"down": {"uv": [9.25, 10.25, 9, 11.25], "texture": "#0"}
			}
		},
		{
			"from": [7, 4, 14],
			"to": [9, 9, 16],
			"faces": {
				"north": {"uv": [2, 9.25, 2.5, 10.5], "texture": "#0"},
				"east": {"uv": [2.5, 9.25, 3, 10.5], "texture": "#0"},
				"south": {"uv": [9.25, 4, 9.75, 5.25], "texture": "#0"},
				"west": {"uv": [3, 9.5, 3.5, 10.75], "texture": "#0"},
				"up": {"uv": [9.75, 10.75, 9.25, 10.25], "texture": "#0"},
				"down": {"uv": [0.5, 10.5, 0, 11], "texture": "#0"}
			}
		},
		{
			"from": [6, 8, 16],
			"to": [8, 15, 18],
			"faces": {
				"north": {"uv": [7, 4, 7.5, 5.75], "texture": "#0"},
				"east": {"uv": [0, 7.25, 0.5, 9], "texture": "#0"},
				"south": {"uv": [0.5, 7.25, 1, 9], "texture": "#0"},
				"west": {"uv": [1, 7.5, 1.5, 9.25], "texture": "#0"},
				"up": {"uv": [1, 11, 0.5, 10.5], "texture": "#0"},
				"down": {"uv": [11, 0.75, 10.5, 1.25], "texture": "#0"}
			}
		},
		{
			"from": [5, 9, 17.2],
			"to": [6, 10, 19.2],
			"rotation": {"angle": -22.5, "axis": "y", "origin": [9.5, 12, 17.1]},
			"faces": {
				"north": {"uv": [1.25, 11.25, 1.5, 11.5], "texture": "#0"},
				"east": {"uv": [11, 8, 11.5, 8.25], "texture": "#0"},
				"south": {"uv": [11.25, 1.25, 11.5, 1.5], "texture": "#0"},
				"west": {"uv": [11, 8.25, 11.5, 8.5], "texture": "#0"},
				"up": {"uv": [10, 6.5, 9.75, 6], "texture": "#0"},
				"down": {"uv": [10, 7.75, 9.75, 8.25], "texture": "#0"}
			}
		},
		{
			"from": [4, 10, 17.2],
			"to": [5, 11, 19.2],
			"rotation": {"angle": -22.5, "axis": "y", "origin": [9.5, 12, 17.1]},
			"faces": {
				"north": {"uv": [1.5, 11.25, 1.75, 11.5], "texture": "#0"},
				"east": {"uv": [11, 8.5, 11.5, 8.75], "texture": "#0"},
				"south": {"uv": [1.75, 11.25, 2, 11.5], "texture": "#0"},
				"west": {"uv": [11, 8.75, 11.5, 9], "texture": "#0"},
				"up": {"uv": [11.25, 9.5, 11, 9], "texture": "#0"},
				"down": {"uv": [11.25, 9.5, 11, 10], "texture": "#0"}
			}
		},
		{
			"from": [4, 13, 17.2],
			"to": [5, 14, 20.2],
			"rotation": {"angle": -22.5, "axis": "y", "origin": [9.5, 12, 17.1]},
			"faces": {
				"north": {"uv": [11.25, 1.75, 11.5, 2], "texture": "#0"},
				"east": {"uv": [10.25, 7, 11, 7.25], "texture": "#0"},
				"south": {"uv": [2.75, 11.25, 3, 11.5], "texture": "#0"},
				"west": {"uv": [10.5, 6.5, 11.25, 6.75], "texture": "#0"},
				"up": {"uv": [0.5, 11.75, 0.25, 11], "texture": "#0"},
				"down": {"uv": [0.75, 11, 0.5, 11.75], "texture": "#0"}
			}
		},
		{
			"from": [4, 14, 16.2],
			"to": [5, 15, 18.2],
			"rotation": {"angle": -22.5, "axis": "y", "origin": [9.5, 12, 17.1]},
			"faces": {
				"north": {"uv": [3, 11.25, 3.25, 11.5], "texture": "#0"},
				"east": {"uv": [11, 10, 11.5, 10.25], "texture": "#0"},
				"south": {"uv": [4.5, 11.25, 4.75, 11.5], "texture": "#0"},
				"west": {"uv": [11, 10.25, 11.5, 10.5], "texture": "#0"},
				"up": {"uv": [11.25, 11, 11, 10.5], "texture": "#0"},
				"down": {"uv": [11.25, 11, 11, 11.5], "texture": "#0"}
			}
		},
		{
			"from": [3, 11, 16.2],
			"to": [4, 13, 20.2],
			"rotation": {"angle": -22.5, "axis": "y", "origin": [9.5, 12, 17.1]},
			"faces": {
				"north": {"uv": [11.25, 0, 11.5, 0.5], "texture": "#0"},
				"east": {"uv": [8.75, 7.75, 9.75, 8.25], "texture": "#0"},
				"south": {"uv": [11.25, 0.5, 11.5, 1], "texture": "#0"},
				"west": {"uv": [9.25, 5.25, 10.25, 5.75], "texture": "#0"},
				"up": {"uv": [10, 11.25, 9.75, 10.25], "texture": "#0"},
				"down": {"uv": [2.25, 10.5, 2, 11.5], "texture": "#0"}
			}
		},
		{
			"from": [7, 14, 15],
			"to": [9, 18, 17],
			"faces": {
				"north": {"uv": [9.5, 8.25, 10, 9.25], "texture": "#0"},
				"east": {"uv": [9.5, 9.25, 10, 10.25], "texture": "#0"},
				"south": {"uv": [9.75, 0, 10.25, 1], "texture": "#0"},
				"west": {"uv": [9.75, 1, 10.25, 2], "texture": "#0"},
				"up": {"uv": [11, 1.75, 10.5, 1.25], "texture": "#0"},
				"down": {"uv": [2.75, 10.5, 2.25, 11], "texture": "#0"}
			}
		},
		{
			"from": [6, 17, 14],
			"to": [8, 20, 16],
			"faces": {
				"north": {"uv": [3, 6, 3.5, 6.75], "texture": "#0"},
				"east": {"uv": [4.5, 10, 5, 10.75], "texture": "#0"},
				"south": {"uv": [5, 10, 5.5, 10.75], "texture": "#0"},
				"west": {"uv": [10, 6, 10.5, 6.75], "texture": "#0"},
				"up": {"uv": [11, 6.5, 10.5, 6], "texture": "#0"},
				"down": {"uv": [11, 7.75, 10.5, 8.25], "texture": "#0"}
			}
		},
		{
			"from": [6, 19, 9],
			"to": [8, 21, 15],
			"faces": {
				"north": {"uv": [10.5, 8.25, 11, 8.75], "texture": "#0"},
				"east": {"uv": [8, 7.25, 9.5, 7.75], "texture": "#0"},
				"south": {"uv": [10.5, 8.75, 11, 9.25], "texture": "#0"},
				"west": {"uv": [5.5, 8.25, 7, 8.75], "texture": "#0"},
				"up": {"uv": [7.5, 9.75, 7, 8.25], "texture": "#0"},
				"down": {"uv": [8, 8.25, 7.5, 9.75], "texture": "#0"}
			}
		},
		{
			"from": [7, 18, 5],
			"to": [9, 20, 11],
			"faces": {
				"north": {"uv": [10.5, 9.25, 11, 9.75], "texture": "#0"},
				"east": {"uv": [8.25, 6, 9.75, 6.5], "texture": "#0"},
				"south": {"uv": [10.5, 9.75, 11, 10.25], "texture": "#0"},
				"west": {"uv": [8, 8.25, 9.5, 8.75], "texture": "#0"},
				"up": {"uv": [6, 10.25, 5.5, 8.75], "texture": "#0"},
				"down": {"uv": [6.5, 8.75, 6, 10.25], "texture": "#0"}
			}
		},
		{
			"from": [6, 15, 5],
			"to": [8, 18, 7],
			"faces": {
				"north": {"uv": [10, 7.75, 10.5, 8.5], "texture": "#0"},
				"east": {"uv": [10, 8.5, 10.5, 9.25], "texture": "#0"},
				"south": {"uv": [10, 9.25, 10.5, 10], "texture": "#0"},
				"west": {"uv": [10, 10, 10.5, 10.75], "texture": "#0"},
				"up": {"uv": [11, 10.75, 10.5, 10.25], "texture": "#0"},
				"down": {"uv": [1.5, 10.75, 1, 11.25], "texture": "#0"}
			}
		},
		{
			"from": [4, 11, 2],
			"to": [11, 15, 9],
			"faces": {
				"north": {"uv": [3.5, 4.5, 5.25, 5.5], "texture": "#0"},
				"east": {"uv": [0, 5, 1.75, 6], "texture": "#0"},
				"south": {"uv": [5.25, 0, 7, 1], "texture": "#0"},
				"west": {"uv": [5.25, 1, 7, 2], "texture": "#0"},
				"up": {"uv": [1.75, 1.75, 0, 0], "texture": "#0"},
				"down": {"uv": [1.75, 1.75, 0, 3.5], "texture": "#0"}
			}
		},
		{
			"from": [5, 12, 3],
			"to": [10, 16, 8],
			"faces": {
				"north": {"uv": [3, 6.75, 4.25, 7.75], "texture": "#0"},
				"east": {"uv": [4.25, 6.75, 5.5, 7.75], "texture": "#0"},
				"south": {"uv": [5.5, 6.75, 6.75, 7.75], "texture": "#0"},
				"west": {"uv": [6.75, 6.75, 8, 7.75], "texture": "#0"},
				"up": {"uv": [4.75, 6.75, 3.5, 5.5], "texture": "#0"},
				"down": {"uv": [1.25, 6, 0, 7.25], "texture": "#0"}
			}
		},
		{
			"from": [3, 9, 2],
			"to": [5, 11, 9],
			"faces": {
				"north": {"uv": [1.5, 10.75, 2, 11.25], "texture": "#0"},
				"east": {"uv": [7.5, 4, 9.25, 4.5], "texture": "#0"},
				"south": {"uv": [2.75, 10.75, 3.25, 11.25], "texture": "#0"},
				"west": {"uv": [7.5, 4.5, 9.25, 5], "texture": "#0"},
				"up": {"uv": [2, 9.25, 1.5, 7.5], "texture": "#0"},
				"down": {"uv": [2.5, 7.5, 2, 9.25], "texture": "#0"}
			}
		},
		{
			"from": [10, 9, 2],
			"to": [12, 11, 9],
			"faces": {
				"north": {"uv": [4.5, 10.75, 5, 11.25], "texture": "#0"},
				"east": {"uv": [7.5, 5, 9.25, 5.5], "texture": "#0"},
				"south": {"uv": [5, 10.75, 5.5, 11.25], "texture": "#0"},
				"west": {"uv": [7.5, 5.5, 9.25, 6], "texture": "#0"},
				"up": {"uv": [3, 9.25, 2.5, 7.5], "texture": "#0"},
				"down": {"uv": [3.5, 7.75, 3, 9.5], "texture": "#0"}
			}
		},
		{
			"from": [4, 9, 1],
			"to": [11, 11, 3],
			"faces": {
				"north": {"uv": [3.5, 7.75, 5.25, 8.25], "texture": "#0"},
				"east": {"uv": [6.25, 10.75, 6.75, 11.25], "texture": "#0"},
				"south": {"uv": [5.25, 7.75, 7, 8.25], "texture": "#0"},
				"west": {"uv": [8, 10.75, 8.5, 11.25], "texture": "#0"},
				"up": {"uv": [8.75, 8.25, 7, 7.75], "texture": "#0"},
				"down": {"uv": [9.75, 0, 8, 0.5], "texture": "#0"}
			}
		},
		{
			"from": [4, 9, 8],
			"to": [11, 11, 10],
			"faces": {
				"north": {"uv": [8, 0.5, 9.75, 1], "texture": "#0"},
				"east": {"uv": [9.25, 10.75, 9.75, 11.25], "texture": "#0"},
				"south": {"uv": [8, 1, 9.75, 1.5], "texture": "#0"},
				"west": {"uv": [10, 10.75, 10.5, 11.25], "texture": "#0"},
				"up": {"uv": [9.75, 2, 8, 1.5], "texture": "#0"},
				"down": {"uv": [9.75, 2, 8, 2.5], "texture": "#0"}
			}
		},
		{
			"from": [4, 3, 9],
			"to": [11, 9, 11],
			"faces": {
				"north": {"uv": [1.75, 0, 3.5, 1.5], "texture": "#0"},
				"east": {"uv": [6.5, 8.75, 7, 10.25], "texture": "#0"},
				"south": {"uv": [1.75, 1.5, 3.5, 3], "texture": "#0"},
				"west": {"uv": [8, 8.75, 8.5, 10.25], "texture": "#0"},
				"up": {"uv": [9.75, 3, 8, 2.5], "texture": "#0"},
				"down": {"uv": [9.75, 3, 8, 3.5], "texture": "#0"}
			}
		},
		{
			"from": [4, 3, 0],
			"to": [11, 9, 2],
			"faces": {
				"north": {"uv": [1.75, 3, 3.5, 4.5], "texture": "#0"},
				"east": {"uv": [8.5, 8.75, 9, 10.25], "texture": "#0"},
				"south": {"uv": [0, 3.5, 1.75, 5], "texture": "#0"},
				"west": {"uv": [0, 9, 0.5, 10.5], "texture": "#0"},
				"up": {"uv": [9.75, 4, 8, 3.5], "texture": "#0"},
				"down": {"uv": [9.75, 6.75, 8, 7.25], "texture": "#0"}
			}
		},
		{
			"from": [4, 3, -1],
			"to": [11, 4, 0],
			"faces": {
				"north": {"uv": [8.25, 6.5, 10, 6.75], "texture": "#0"},
				"east": {"uv": [4.75, 11.25, 5, 11.5], "texture": "#0"},
				"south": {"uv": [9.25, 5.75, 11, 6], "texture": "#0"},
				"west": {"uv": [5, 11.25, 5.25, 11.5], "texture": "#0"},
				"up": {"uv": [11.25, 7.5, 9.5, 7.25], "texture": "#0"},
				"down": {"uv": [11.25, 7.5, 9.5, 7.75], "texture": "#0"}
			}
		},
		{
			"from": [4, 4, 12],
			"to": [11, 7, 13],
			"faces": {
				"north": {"uv": [1.25, 6, 3, 6.75], "texture": "#0"},
				"east": {"uv": [0.75, 11, 1, 11.75], "texture": "#0"},
				"south": {"uv": [4.75, 6, 6.5, 6.75], "texture": "#0"},
				"west": {"uv": [11, 0.75, 11.25, 1.5], "texture": "#0"},
				"up": {"uv": [11.5, 2.25, 9.75, 2], "texture": "#0"},
				"down": {"uv": [11.5, 2.25, 9.75, 2.5], "texture": "#0"}
			}
		},
		{
			"from": [4, 3, 11],
			"to": [11, 4, 12],
			"faces": {
				"north": {"uv": [9.75, 2.5, 11.5, 2.75], "texture": "#0"},
				"east": {"uv": [11.25, 5, 11.5, 5.25], "texture": "#0"},
				"south": {"uv": [9.75, 2.75, 11.5, 3], "texture": "#0"},
				"west": {"uv": [5.25, 11.25, 5.5, 11.5], "texture": "#0"},
				"up": {"uv": [11.5, 3.25, 9.75, 3], "texture": "#0"},
				"down": {"uv": [11.5, 3.25, 9.75, 3.5], "texture": "#0"}
			}
		},
		{
			"from": [4, 4, -2],
			"to": [11, 7, -1],
			"faces": {
				"north": {"uv": [6.5, 6, 8.25, 6.75], "texture": "#0"},
				"east": {"uv": [2.25, 11, 2.5, 11.75], "texture": "#0"},
				"south": {"uv": [1.25, 6.75, 3, 7.5], "texture": "#0"},
				"west": {"uv": [2.5, 11, 2.75, 11.75], "texture": "#0"},
				"up": {"uv": [11.5, 3.75, 9.75, 3.5], "texture": "#0"},
				"down": {"uv": [11.5, 3.75, 9.75, 4], "texture": "#0"}
			}
		},
		{
			"from": [11, 3, 2],
			"to": [13, 9, 9],
			"faces": {
				"north": {"uv": [0.5, 9, 1, 10.5], "texture": "#0"},
				"east": {"uv": [3.5, 0, 5.25, 1.5], "texture": "#0"},
				"south": {"uv": [9, 8.75, 9.5, 10.25], "texture": "#0"},
				"west": {"uv": [3.5, 1.5, 5.25, 3], "texture": "#0"},
				"up": {"uv": [4, 10, 3.5, 8.25], "texture": "#0"},
				"down": {"uv": [4.5, 8.25, 4, 10], "texture": "#0"}
			}
		},
		{
			"from": [2, 3, 2],
			"to": [4, 9, 9],
			"faces": {
				"north": {"uv": [1, 9.25, 1.5, 10.75], "texture": "#0"},
				"east": {"uv": [3.5, 3, 5.25, 4.5], "texture": "#0"},
				"south": {"uv": [1.5, 9.25, 2, 10.75], "texture": "#0"},
				"west": {"uv": [1.75, 4.5, 3.5, 6], "texture": "#0"},
				"up": {"uv": [5, 10, 4.5, 8.25], "texture": "#0"},
				"down": {"uv": [5.5, 8.25, 5, 10], "texture": "#0"}
			}
		},
		{
			"from": [1, 3, 2],
			"to": [2, 4, 9],
			"faces": {
				"north": {"uv": [11.25, 5.25, 11.5, 5.5], "texture": "#0"},
				"east": {"uv": [9.75, 4, 11.5, 4.25], "texture": "#0"},
				"south": {"uv": [5.5, 11.25, 5.75, 11.5], "texture": "#0"},
				"west": {"uv": [9.75, 4.25, 11.5, 4.5], "texture": "#0"},
				"up": {"uv": [7.25, 11.5, 7, 9.75], "texture": "#0"},
				"down": {"uv": [7.5, 9.75, 7.25, 11.5], "texture": "#0"}
			}
		},
		{
			"from": [14, 4, 2],
			"to": [15, 8, 9],
			"faces": {
				"north": {"uv": [3.25, 10.75, 3.5, 11.75], "texture": "#0"},
				"east": {"uv": [5.25, 2, 7, 3], "texture": "#0"},
				"south": {"uv": [10.5, 10.75, 10.75, 11.75], "texture": "#0"},
				"west": {"uv": [5.25, 3, 7, 4], "texture": "#0"},
				"up": {"uv": [7.75, 11.5, 7.5, 9.75], "texture": "#0"},
				"down": {"uv": [8, 9.75, 7.75, 11.5], "texture": "#0"}
			}
		},
		{
			"from": [13, 3, 2],
			"to": [14, 4, 9],
			"faces": {
				"north": {"uv": [11.25, 5.5, 11.5, 5.75], "texture": "#0"},
				"east": {"uv": [9.75, 4.5, 11.5, 4.75], "texture": "#0"},
				"south": {"uv": [5.75, 11.25, 6, 11.5], "texture": "#0"},
				"west": {"uv": [9.75, 4.75, 11.5, 5], "texture": "#0"},
				"up": {"uv": [3.75, 11.75, 3.5, 10], "texture": "#0"},
				"down": {"uv": [4, 10, 3.75, 11.75], "texture": "#0"}
			}
		},
		{
			"from": [0, 4, 2],
			"to": [1, 8, 9],
			"faces": {
				"north": {"uv": [10.75, 10.75, 11, 11.75], "texture": "#0"},
				"east": {"uv": [5.25, 4, 7, 5], "texture": "#0"},
				"south": {"uv": [0, 11, 0.25, 12], "texture": "#0"},
				"west": {"uv": [5.25, 5, 7, 6], "texture": "#0"},
				"up": {"uv": [4.25, 11.75, 4, 10], "texture": "#0"},
				"down": {"uv": [4.5, 10, 4.25, 11.75], "texture": "#0"}
			}
		}
	],
	"display": {
		"thirdperson_righthand": {
			"rotation": [75, 45, 0],
			"translation": [0, 2.5, 0],
			"scale": [0.375, 0.375, 0.375]
		},
		"thirdperson_lefthand": {
			"rotation": [75, 45, 0],
			"translation": [0, 2.5, 0],
			"scale": [0.375, 0.375, 0.375]
		},
		"firstperson_righthand": {
			"rotation": [0, 45, 0],
			"scale": [0.4, 0.4, 0.4]
		},
		"firstperson_lefthand": {
			"rotation": [0, 45, 0],
			"scale": [0.4, 0.4, 0.4]
		},
		"ground": {
			"translation": [0, 3, 0],
			"scale": [0.25, 0.25, 0.25]
		},
		"gui": {
			"rotation": [30, 225, 0],
			"translation": [0, -1.5, 0],
			"scale": [0.625, 0.625, 0.625]
		},
		"head": {
			"translation": [1, -13.5, 5],
			"scale": [2.1, 2.1, 2.1]
		},
		"fixed": {
			"scale": [0.5, 0.5, 0.5]
		}
	},
	"groups": [
		{
			"name": "Flower",
			"origin": [8, 8, 8],
			"children": [
				{
					"name": "stem",
					"origin": [0, 0, 0],
					"children": [0, 1, 2, 3, 4, 5, 6, 7, 8, 9, 10, 11, 12, 13, 14, 15, 16, 17]
				},
				{
					"name": "head",
					"origin": [8, 8, 8],
					"children": [18, 19, 20, 21, 22, 23, 24, 25, 26, 27, 28, 29, 30, 31, 32, 33, 34, 35]
				}
			]
		}
	]
}