{
	"credit": "Made with Blockbench",
	"texture_size": [32, 32],
	"textures": {
		"0": "item/Irrigator_inactive",
		"particle": "item/Irrigator_inactive"
	},
	"elements": [
		{
			"from": [6, 0, 8],
			"to": [10, 14, 9],
			"faces": {
				"north": {"uv": [0, 0, 2, 7], "texture": "#0"},
				"east": {"uv": [6, 4, 6.5, 11], "texture": "#0"},
				"south": {"uv": [2, 0, 4, 7], "texture": "#0"},
				"west": {"uv": [6.5, 4, 7, 11], "texture": "#0"},
				"up": {"uv": [10, 1.5, 8, 1], "texture": "#0"},
				"down": {"uv": [10, 1.5, 8, 2], "texture": "#0"}
			}
		},
		{
			"from": [6, 0, 9],
			"to": [7, 14, 10],
			"faces": {
				"north": {"uv": [0, 7, 0.5, 14], "texture": "#0"},
				"east": {"uv": [0.5, 7, 1, 14], "texture": "#0"},
				"south": {"uv": [1, 7, 1.5, 14], "texture": "#0"},
				"west": {"uv": [1.5, 7, 2, 14], "texture": "#0"},
				"up": {"uv": [10, 7, 9.5, 6.5], "texture": "#0"},
				"down": {"uv": [10, 7, 9.5, 7.5], "texture": "#0"}
			}
		},
		{
			"from": [9, 0, 9],
			"to": [10, 14, 10],
			"faces": {
				"north": {"uv": [2, 7, 2.5, 14], "texture": "#0"},
				"east": {"uv": [2.5, 7, 3, 14], "texture": "#0"},
				"south": {"uv": [3, 7, 3.5, 14], "texture": "#0"},
				"west": {"uv": [3.5, 7, 4, 14], "texture": "#0"},
				"up": {"uv": [8, 10, 7.5, 9.5], "texture": "#0"},
				"down": {"uv": [10, 7.5, 9.5, 8], "texture": "#0"}
			}
		},
		{
			"from": [7, 0, 9],
			"to": [9, 14, 9.4],
			"faces": {
				"north": {"uv": [4, 0, 5, 7], "texture": "#0"},
				"east": {"uv": [4, 7, 4.5, 14], "texture": "#0"},
				"south": {"uv": [5, 0, 6, 7], "texture": "#0"},
				"west": {"uv": [7, 4, 7.5, 11], "texture": "#0"},
				"up": {"uv": [6, 9.5, 5, 9], "texture": "#0"},
				"down": {"uv": [6, 9.5, 5, 10], "texture": "#0"}
			}
		},
		{
			"from": [6, 14, 7],
			"to": [10, 15.5, 11],
			"faces": {
				"north": {"uv": [7.5, 4, 9.5, 5], "texture": "#0"},
				"east": {"uv": [7.5, 5, 9.5, 6], "texture": "#0"},
				"south": {"uv": [7.5, 6, 9.5, 7], "texture": "#0"},
				"west": {"uv": [7.5, 7, 9.5, 8], "texture": "#0"},
				"up": {"uv": [8, 2, 6, 0], "texture": "#0"},
				"down": {"uv": [8, 2, 6, 4], "texture": "#0"}
			}
		},
		{
			"from": [6, 14, 11],
			"to": [10, 15, 11.4],
			"faces": {
				"north": {"uv": [8, 2, 10, 2.5], "texture": "#0"},
				"east": {"uv": [8, 9.5, 8.5, 10], "texture": "#0"},
				"south": {"uv": [8, 2.5, 10, 3], "texture": "#0"},
				"west": {"uv": [9.5, 8, 10, 8.5], "texture": "#0"},
				"up": {"uv": [10, 3.5, 8, 3], "texture": "#0"},
				"down": {"uv": [10, 3.5, 8, 4], "texture": "#0"}
			}
		},
		{
			"from": [6, 14, 6.6],
			"to": [10, 15, 7],
			"faces": {
				"north": {"uv": [7.5, 8, 9.5, 8.5], "texture": "#0"},
				"east": {"uv": [8.5, 9.5, 9, 10], "texture": "#0"},
				"south": {"uv": [7.5, 8.5, 9.5, 9], "texture": "#0"},
				"west": {"uv": [9.5, 8.5, 10, 9], "texture": "#0"},
				"up": {"uv": [9.5, 9.5, 7.5, 9], "texture": "#0"},
				"down": {"uv": [11.5, 4, 9.5, 4.5], "texture": "#0"}
			}
		},
		{
			"from": [5.6, 14, 7],
			"to": [6, 15, 11],
			"faces": {
				"north": {"uv": [9, 9.5, 9.5, 10], "texture": "#0"},
				"east": {"uv": [9.5, 4.5, 11.5, 5], "texture": "#0"},
				"south": {"uv": [9.5, 9, 10, 9.5], "texture": "#0"},
				"west": {"uv": [9.5, 5, 11.5, 5.5], "texture": "#0"},
				"up": {"uv": [6, 9, 5.5, 7], "texture": "#0"},
				"down": {"uv": [5, 9, 4.5, 11], "texture": "#0"}
			}
		},
		{
			"from": [10, 14, 7],
			"to": [10.4, 15, 11],
			"faces": {
				"north": {"uv": [9.5, 5.5, 10, 6], "texture": "#0"},
				"east": {"uv": [8, 0, 10, 0.5], "texture": "#0"},
				"south": {"uv": [9.5, 6, 10, 6.5], "texture": "#0"},
				"west": {"uv": [8, 0.5, 10, 1], "texture": "#0"},
				"up": {"uv": [5, 9, 4.5, 7], "texture": "#0"},
				"down": {"uv": [5.5, 7, 5, 9], "texture": "#0"}
			}
		}
	],
	"display": {
		"thirdperson_righthand": {
			"rotation": [75, -135, 0],
			"translation": [0, 2.5, 0],
			"scale": [0.375, 0.375, 0.375]
		},
		"thirdperson_lefthand": {
			"rotation": [75, 45, 0],
			"translation": [0, 2.5, 0],
			"scale": [0.375, 0.375, 0.375]
		},
		"firstperson_righthand": {
			"rotation": [-5, -45, 0],
			"translation": [0, 0.75, 0],
			"scale": [0.4, 0.4, 0.4]
		},
		"firstperson_lefthand": {
			"rotation": [-5, -45, 0],
			"translation": [0, 0.75, 0],
			"scale": [0.4, 0.4, 0.4]
		},
		"ground": {
			"scale": [0.4, 0.4, 0.4]
		},
		"gui": {
			"rotation": [30, -45, 0],
			"scale": [0.9, 0.9, 0.9]
		},
		"head": {
			"rotation": [90, -180, 0],
			"translation": [0, 2, 9],
			"scale": [2, 2, 2]
		},
		"fixed": {
			"rotation": [0, -180, 0],
			"translation": [0, 0, -2.75],
			"scale": [0.5, 0.5, 0.5]
		}
	}
}