{
    "condition": "minecraft:alternative",
    "terms": [
        {
          "condition": "minecraft:location_check",
          "offsetY": 1,
          "predicate": {
            "block": {
              "block": "minecraft:cauldron",
              "state": {
                "level": "1"
              }
            }
          }
        },
        {
          "condition": "minecraft:location_check",
          "offsetY": 1,
          "predicate": {
            "block": {
              "block": "minecraft:cauldron",
              "state": {
                "level": "2"
              }
            }
          }
        },
        {
          "condition": "minecraft:location_check",
          "offsetY": 1,
          "predicate": {
            "block": {
              "block": "minecraft:cauldron",
              "state": {
                "level": "3"
              }
            }
          }
        }
    ]
  }